RUN,EXP,TRTNUM,ROTNUM,REPNO,YEAR,DOY,DAS,DAP,L#SD,GSTD,LAID,LWAD,SWAD,GWAD,RWAD,VWAD,CWAD,G#AD,GWGD,HIAD,PWAD,P#AD,WSPD,WSGD,NSTD,PST1A,PST2A,KSTD,EWSD,LN%D,SH%D,HIPD,PWDD,PWTD,SLAD,CHTD,CWID,NWAD,RDPD,SNW0C,SNW1C,RL1D,RL2D,RL3D,RL4D,RL5D,RL6D,RL7D,RL8D,RL9D
1,UFGA8501,1,0,1,1985,171,1,0,.000000,0,.000000,0,0,0,0,0,0,0,.000000,.000000,0,0,.000000,.000000,.000000,.000000,.000000,.000000,.000000,.000000,.000000,.000000,0,0,.000000,.000000,.000000,.000000,.000000,0,0,.000000,.000000,.000000,.000000,.000000,.000000,.000000,.000000,.000000
1,UFGA8501,1,0,1,1985,172,2,1,.000000,0,.000000,0,0,0,0,0,0,0,.000000,.000000,0,0,.000000,.000000,.000000,.000000,.000000,.000000,.000000,.000000,.000000,.000000,0,0,.000000,.000000,.000000,.000000,.000000,0,0,.000000,.000000,.000000,.000000,.000000,.000000,.000000,.000000,.000000
1,UFGA8501,1,0,1,1985,173,3,2,.000000,0,.000000,0,0,0,0,0,0,0,.000000,.000000,0,0,.000000,.000000,.000000,.000000,.000000,.000000,.000000,.000000,.000000,.000000,0,0,.000000,.000000,.000000,.000000,.000000,0,0,.000000,.000000,.000000,.000000,.000000,.000000,.000000,.000000,.000000
1,UFGA8501,1,0,1,1985,174,4,3,.000000,0,.000000,0,0,0,0,0,0,0,.000000,.000000,0,0,.000000,.000000,.000000,.000000,.000000,.000000,.000000,.000000,.000000,.000000,0,0,.000000,.000000,.000000,.000000,.000000,0,0,.000000,.000000,.000000,.000000,.000000,.000000,.000000,.000000,.000000
1,UFGA8501,1,0,1,1985,175,5,4,.000000,0,.000000,0,0,0,0,0,0,0,.000000,.000000,0,0,.000000,.000000,.000000,.000000,.000000,.000000,.000000,.000000,.000000,.000000,0,0,.000000,.000000,.000000,.000000,.000000,0,0,.000000,.000000,.000000,.000000,.000000,.000000,.000000,.000000,.000000
1,UFGA8501,1,0,1,1985,176,6,5,.9783939E-01,0,.1466292E-01,8,2,0,9,9,9,0,.000000,.000000,0,0,.000000,.000000,.000000,.000000,.000000,.000000,.000000,5.701349,.000000,.000000,0,0,190.6631,.3615247E-01,.3595679E-01,2.864742,.2244601,0,0,.3448979E-01,.3448979E-01,.1140600E-01,.000000,.000000,.000000,.000000,.000000,.000000
1,UFGA8501,1,0,1,1985,177,7,6,.2522924,0,.1651319E-01,8,2,0,11,10,10,0,.000000,.000000,0,0,.000000,.000000,.6566792,.000000,.000000,.000000,.000000,5.674843,.000000,.000000,0,0,200.2177,.3952641E-01,.3965778E-01,2.803245,.2476281,0,1,.3385054E-01,.4544835E-01,.1493929E-01,.000000,.000000,.000000,.000000,.000000,.000000
1,UFGA8501,1,0,1,1985,178,8,7,.4040712,0,.1871798E-01,9,2,0,13,11,11,0,.000000,.000000,0,0,.000000,.000000,.5770372,.000000,.000000,.000000,.000000,5.659820,.000000,.000000,0,0,210.6823,.4521862E-01,.4586330E-01,2.773566,.2703949,0,1,.3323401E-01,.5540787E-01,.1896588E-01,.000000,.000000,.000000,.000000,.000000,.000000
1,UFGA8501,1,0,1,1985,179,9,8,.5498877,0,.1957107E-01,9,2,0,16,11,11,0,.000000,.000000,0,0,.000000,.000000,.8289922,.000000,.000000,.000000,.000000,5.637614,.000000,.000000,0,0,216.3450,.5108928E-01,.5223063E-01,2.769372,.2922674,0,1,.4123224E-01,.6301810E-01,.2267627E-01,.000000,.000000,.000000,.000000,.000000,.000000
1,UFGA8501,1,0,1,1985,180,10,9,.6904796,0,.2046933E-01,9,2,0,18,11,11,0,.000000,.000000,0,0,.000000,.000000,.8135517,.000000,.000000,.000000,.000000,5.619312,.000000,.000000,0,0,222.6516,.5700214E-01,.5861603E-01,2.745373,.3133561,0,2,.4764715E-01,.6906547E-01,.2614180E-01,.000000,.000000,.000000,.000000,.000000,.000000
1,UFGA8501,1,0,1,1985,181,11,10,.8249705,0,.2297942E-01,10,2,0,19,12,12,0,.000000,.000000,0,0,.000000,.000000,.4248995,.000000,.000000,.000000,.000000,5.621812,.000000,.000000,0,0,235.2712,.6286854E-01,.6492802E-01,2.845755,.3335298,0,2,.5345542E-01,.7452806E-01,.2899536E-01,.4278535E-03,.000000,.000000,.000000,.000000,.000000
1,UFGA8501,1,0,1,1985,182,12,11,.9694162,0,.2642180E-01,10,2,0,21,13,13,0,.000000,.000000,0,0,.000000,.000000,.2806645,.000000,.000000,.000000,.000000,5.624442,.000000,.000000,0,0,252.4629,.6911191E-01,.7162200E-01,2.947917,.3551967,0,2,.5722983E-01,.7953967E-01,.3163189E-01,.1098273E-02,.000000,.000000,.000000,.000000,.000000
1,UFGA8501,1,0,1,1985,183,13,12,1.245875,0,.3556087E-01,13,3,0,21,15,15,0,.000000,.000000,0,0,.000000,.000000,.000000,.000000,.000000,.000000,.000000,5.644535,.000000,.000000,0,0,277.5556,.7591741E-01,.7892805E-01,3.009024,.3767950,0,3,.5624098E-01,.8128649E-01,.3263967E-01,.1547103E-02,.000000,.000000,.000000,.000000,.000000
1,UFGA8501,1,0,1,1985,184,14,13,1.525144,0,.4582505E-01,16,3,0,22,19,19,0,.000000,.000000,0,0,.000000,.000000,.000000,.000000,.000000,.000000,.000000,5.570944,.000000,.000000,0,0,289.6292,.8920500E-01,.9322407E-01,3.428677,.3986129,0,3,.5525933E-01,.8369311E-01,.3397503E-01,.2257095E-02,.000000,.000000,.000000,.000000,.000000
1,UFGA8501,1,0,1,1985,185,15,14,1.789929,0,.5764658E-01,20,3,0,23,23,23,0,.000000,.000000,0,0,.000000,.000000,.1208836E-01,.000000,.000000,.000000,.000000,5.354228,.000000,.000000,0,0,293.2747,.1022203,.1072553,4.011552,.4192992,0,3,.5434484E-01,.8711459E-01,.3580642E-01,.3340690E-02,.000000,.000000,.000000,.000000,.000000
1,UFGA8501,1,0,1,1985,186,16,15,2.070474,0,.7268644E-01,24,4,0,24,28,28,0,.000000,.000000,0,0,.000000,.000000,.000000,.000000,.000000,.000000,.000000,5.194242,.000000,.000000,0,0,304.4990,.1153373,.1214253,4.693516,.4412169,0,4,.5831861E-01,.9051377E-01,.3763207E-01,.4642774E-02,.000000,.000000,.000000,.000000,.000000
1,UFGA8501,1,0,1,1985,187,17,16,2.355149,0,.8851827E-01,29,5,0,26,34,34,0,.000000,.000000,0,0,.000000,.000000,.1132598,.000000,.000000,.000000,.000000,4.942801,.000000,.000000,0,0,302.0216,.1295932,.1368568,5.491414,.4634570,0,4,.5728099E-01,.9683421E-01,.4091208E-01,.7096342E-02,.000000,.000000,.000000,.000000,.000000
1,UFGA8501,1,0,1,1985,188,18,17,2.643702,0,.1072096,35,6,0,29,41,41,0,.000000,.000000,0,0,.000000,.000000,.5135536E-01,.000000,.000000,.000000,.000000,4.776955,.000000,.000000,0,0,305.1931,.1444280,.1529472,6.424954,.4860002,0,5,.6375431E-01,.1025942,.4391242E-01,.9175231E-02,.5253452E-03,.000000,.000000,.000000,.000000
1,UFGA8501,1,0,1,1985,189,19,18,2.905052,0,.1232054,42,7,0,32,49,49,0,.000000,.000000,0,0,.000000,.8186239E-01,.7364959E-01,.000000,.000000,.000000,.000000,4.603810,.000000,.000000,0,0,293.6759,.1582597,.1679758,7.517196,.5082387,1,5,.6262007E-01,.1129784,.4921146E-01,.1260156E-01,.1902798E-02,.000000,.000000,.000000,.000000
1,UFGA8501,1,0,1,1985,190,20,19,3.183457,0,.1451473,51,9,0,35,60,60,0,.000000,.000000,0,0,.000000,.6284910E-01,.1012002,.000000,.000000,.000000,.000000,4.418386,.000000,.000000,0,0,283.4946,.1716280,.1825273,8.795119,.5315046,1,6,.6145739E-01,.1211989,.5343623E-01,.1540115E-01,.3510139E-02,.000000,.000000,.000000,.000000
1,UFGA8501,1,0,1,1985,191,21,20,3.471576,0,.1739685,62,10,0,37,72,72,0,.000000,.000000,0,0,.000000,.2088380E-01,.4569697E-01,.000000,.000000,.000000,.000000,4.298478,.000000,.000000,0,0,282.7517,.1865976,.1988517,10.29029,.5546385,1,6,.6904721E-01,.1276900,.5679608E-01,.1768161E-01,.5229311E-02,.000000,.000000,.000000,.000000
1,UFGA8501,1,0,1,1985,192,22,21,3.769576,0,.2099099,71,14,0,42,84,84,0,.000000,.000000,0,0,.000000,.000000,.000000,.000000,.000000,.000000,.000000,4.323977,.000000,.000000,0,0,297.2700,.2028373,.2165937,12.03964,.5781586,1,7,.6776121E-01,.1401705,.6313788E-01,.2172075E-01,.8856423E-02,.000000,.000000,.000000,.000000
1,UFGA8501,1,0,1,1985,193,23,22,4.062372,0,.2464467,79,18,0,47,96,96,0,.000000,.000000,0,0,.000000,.000000,.000000,.000000,.000000,.000000,.000000,4.418700,.000000,.000000,0,0,313.5024,.2195869,.2349094,13.67419,.6013573,1,8,.6652120E-01,.1542759,.7028440E-01,.2622440E-01,.1363128E-01,.000000,.000000,.000000,.000000
1,UFGA8501,1,0,1,1985,194,24,23,4.342796,0,.2897767,88,22,0,52,111,111,0,.000000,.000000,0,0,.000000,.000000,.000000,.000000,.000000,.000000,.000000,4.504869,.000000,.000000,0,0,328.4367,.2355906,.2523726,15.56899,.6236578,1,9,.7960248E-01,.1658192,.7614765E-01,.2995344E-01,.1758104E-01,.4222979E-03,.000000,.000000,.000000
1,UFGA8501,1,0,1,1985,195,25,24,4.544238,0,.3105814,102,26,0,62,128,128,0,.000000,.000000,0,0,.000000,.2739036,.1464872,.000000,.000000,.000000,.000000,4.377445,.000000,.000000,0,0,303.5067,.2466492,.2644214,17.67105,.6457783,2,10,.7822222E-01,.1931861,.8988791E-01,.3832528E-01,.2616741E-01,.2158909E-02,.000000,.000000,.000000
1,UFGA8501,1,0,1,1985,196,26,25,4.828791,0,.3565614,115,34,0,71,149,149,0,.000000,.000000,0,0,.000000,.000000,.000000,.000000,.000000,.000000,.000000,4.399123,.000000,.000000,0,0,309.8681,.2578653,.2766159,20.67512,.6685511,2,11,.9775950E-01,.2106788,.9871165E-01,.4379664E-01,.3185499E-01,.3931264E-02,.000000,.000000,.000000
1,UFGA8501,1,0,1,1985,197,27,26,5.112447,0,.4069696,128,44,0,80,172,172,0,.000000,.000000,0,0,.000000,.000000,.000000,.000000,.000000,.000000,.000000,4.492148,.000000,.000000,0,0,317.5287,.2737477,.2938477,22.61321,.6913359,2,12,.1177129,.2286303,.1077615,.4939603E-01,.3766609E-01,.6363897E-02,.000000,.000000,.000000
1,UFGA8501,1,0,1,1985,198,28,27,5.381952,0,.4501348,142,54,0,91,196,196,0,.000000,.000000,0,0,.000000,.6676763E-01,.000000,.000000,.000000,.000000,.000000,4.561685,.000000,.000000,0,0,316.9549,.2888259,.3101745,26.35466,.7146139,3,14,.1138226,.2569954,.1219974,.5805701E-01,.4653879E-01,.1095640E-01,.000000,.000000,.000000
1,UFGA8501,1,0,1,1985,199,29,28,5.664559,0,.5160241,155,64,0,99,219,219,0,.000000,.000000,0,0,.000000,.000000,.000000,.000000,.000000,.000000,.000000,4.642876,.000000,.000000,0,0,333.5648,.3040385,.3266128,27.15263,.7374769,3,15,.1322225,.2728664,.1300069,.6303219E-01,.5171741E-01,.1431115E-01,.000000,.000000,.000000
1,UFGA8501,1,0,1,1985,200,30,29,5.948414,0,.5877200,168,75,0,108,244,244,0,.000000,.000000,0,0,.000000,.000000,.000000,.000000,.000000,.000000,.000000,4.715091,.000000,.000000,0,0,349.2173,.3200890,.3439209,28.01381,.7605249,4,17,.1513453,.2894941,.1383918,.6822569E-01,.5711165E-01,.1841632E-01,.000000,.000000,.000000
1,UFGA8501,1,0,1,1985,201,31,30,6.238095,0,.6573578,187,91,0,121,279,279,0,.000000,.000000,0,0,.000000,.000000,.000000,.000000,.000000,.000000,.000000,4.734468,.000000,.000000,0,0,351.0678,.3364941,.3615742,32.77615,.7840615,5,19,.1573121,.3159032,.1516481,.7629570E-01,.6538288E-01,.2545318E-01,.000000,.000000,.000000
1,UFGA8501,1,0,1,1985,202,32,31,6.465158,0,.6920986,204,106,0,144,310,310,0,.000000,.000000,0,0,.000000,.2101255,.000000,.000000,.000000,.000000,.000000,4.801117,.000000,.000000,0,0,339.5114,.3496697,.3757294,36.80427,.8074182,5,21,.2028206,.3585624,.1729943,.8913537E-01,.7841862E-01,.3768174E-01,.000000,.000000,.000000
1,UFGA8501,1,0,1,1985,203,33,32,6.749360,0,.7600932,226,125,0,159,351,351,0,.000000,.000000,0,0,.000000,.2528650E-01,.000000,.000000,.000000,.000000,.000000,4.862791,.000000,.000000,0,0,336.6746,.3625985,.3895912,39.92221,.8311087,6,24,.1960822,.3918601,.1896780,.9922161E-01,.8870015E-01,.4864470E-01,.000000,.000000,.000000
1,UFGA8501,1,0,1,1985,204,34,33,7.033762,0,.8426454,251,148,0,176,399,399,0,.000000,.000000,0,0,.000000,.000000,.000000,.000000,.000000,.000000,.000000,4.888097,.000000,.000000,0,0,336.1890,.3789484,.4070856,44.90036,.8542164,7,27,.1896556,.4253415,.2064489,.1093493,.9901483E-01,.6079363E-01,.000000,.000000,.000000
1,UFGA8501,1,0,1,1985,205,35,34,7.317268,0,.9344512,276,173,0,192,450,450,0,.000000,.000000,0,0,.000000,.000000,.000000,.000000,.000000,.000000,.000000,4.950344,.000000,.000000,0,0,338.1896,.3953475,.4245978,46.51284,.8772513,8,30,.2224203,.4539301,.2207812,.1180325,.1078812,.7239376E-01,.000000,.000000,.000000
1,UFGA8501,1,0,1,1985,206,36,35,7.606863,0,1.042199,296,193,0,205,489,489,0,.000000,.000000,0,0,.000000,.000000,.000000,.000000,.000000,.000000,.000000,4.985144,.000000,.000000,0,0,352.1171,.4123726,.4424120,47.74063,.9007809,9,34,.2464686,.4737880,.2307660,.1241499,.1141823,.8177215E-01,.000000,.000000,.000000
1,UFGA8501,1,0,1,1985,207,37,36,7.889293,0,1.157290,318,216,0,218,534,534,0,.000000,.000000,0,0,.000000,.000000,.000000,.000000,.000000,.000000,.000000,5.017578,.000000,.000000,0,0,364.4305,.4295133,.4603721,49.09516,.9237283,10,38,.2725784,.4958852,.2418618,.1309138,.1211222,.9190367E-01,.3177710E-03,.000000,.000000
1,UFGA8501,1,0,1,1985,208,38,37,8.179429,0,1.259084,348,250,0,238,598,598,0,.000000,.000000,0,0,.000000,.000000,.000000,.000000,.000000,.000000,.000000,5.002953,.000000,.000000,0,0,361.7245,.4461580,.4780348,57.42014,.9473019,12,42,.2635469,.5331563,.2605151,.1421413,.1325272,.1078172,.1278242E-02,.000000,.000000
1,UFGA8501,1,0,1,1985,209,39,38,8.464452,0,1.365619,379,286,0,259,666,666,0,.000000,.000000,0,0,.000000,.1753992E-01,.000000,.000000,.000000,.000000,.000000,5.044305,.000000,.000000,0,0,359.9037,.4628517,.4957056,60.25307,.9708734,13,46,.3027560,.5674769,.2776974,.1524964,.1430566,.1225776,.2633512E-02,.000000,.000000
1,UFGA8501,1,0,1,1985,210,40,39,8.757795,0,1.495010,411,325,0,277,736,736,0,.000000,.000000,0,0,.000000,.000000,.000000,.000000,.000000,.000000,.000000,5.081157,.000000,.000000,0,0,363.8385,.4795773,.5133643,62.08783,.9947076,15,51,.3373448,.5972123,.2925956,.1615015,.1522348,.1355833,.4267239E-02,.000000,.000000
1,UFGA8501,1,0,1,1985,211,41,40,9.040687,0,1.632096,441,363,0,294,804,804,0,.000000,.000000,0,0,.000000,.000000,.000000,.000000,.000000,.000000,.000000,5.109362,.000000,.000000,0,0,370.0304,.4962118,.5308824,63.83768,1.017692,17,56,.3690979,.6243706,.3062056,.1697350,.1606322,.1475187,.6156721E-02,.000000,.000000
1,UFGA8501,1,0,1,1985,212,42,41,9.310857,0,1.772389,473,406,0,312,879,879,0,.000000,.000000,0,0,.000000,.000000,.000000,.000000,.000000,.000000,.000000,5.125761,.000000,.000000,0,0,374.9145,.5116359,.5470857,67.12827,1.039644,19,61,.4016402,.6526024,.3203449,.1782687,.1693196,.1597622,.8450180E-02,.000000,.000000
1,UFGA8501,1,0,1,1985,213,43,42,9.588161,0,1.906397,511,459,0,333,969,969,0,.000000,.000000,0,0,.000000,.000000,.000000,.000000,.000000,.000000,.000000,5.090805,.000000,.000000,0,0,373.3786,.5266100,.5627760,78.54007,1.062175,21,66,.4393200,.6859327,.3370240,.1883035,.1795094,.1739568,.1150983E-01,.000000,.000000
1,UFGA8501,1,0,1,1985,214,44,43,9.877594,0,2.039200,549,515,0,353,1064,1064,0,.000000,.000000,0,0,.000000,.000000,.000000,.000000,.000000,.000000,.000000,5.091705,.000000,.000000,0,0,371.3646,.5423783,.5792537,85.42855,1.085691,23,72,.4756551,.7178067,.3529799,.1979161,.1892811,.1876372,.1494371E-01,.000000,.000000
1,UFGA8501,1,0,1,1985,215,45,44,10.16603,0,2.197861,584,568,0,370,1151,1151,0,.000000,.000000,0,0,.000000,.000000,.000000,.000000,.000000,.000000,.000000,5.109070,.000000,.000000,0,0,376.6217,.5587894,.5962962,87.31384,1.109126,26,78,.5059522,.7437385,.3659749,.2057765,.1972973,.1990259,.1827534E-01,.000000,.000000
1,UFGA8501,1,0,1,1985,216,46,45,10.45298,0,2.356989,622,630,0,389,1252,1252,0,.000000,.000000,0,0,.000000,.000000,.000000,.000000,.000000,.000000,.000000,5.126624,.000000,.000000,0,0,378.7346,.5749124,.6131447,89.36523,1.132441,29,85,.5388551,.7723769,.3803158,.2144273,.2061000,.2114077,.2227019E-01,.000000,.000000
1,UFGA8501,1,0,1,1985,217,47,46,10.73379,0,2.504558,664,697,0,408,1361,1361,0,.000000,.000000,0,0,.000000,.000000,.000000,.000000,.000000,.000000,.000000,5.133722,.000000,.000000,0,0,377.2339,.5905046,.6294506,94.26723,1.155257,32,92,.5386738,.8069309,.3975997,.2248082,.2166271,.2259791,.2732018E-01,.000000,.000000
1,UFGA8501,1,0,1,1985,218,48,47,11.02417,0,2.665684,707,766,0,428,1472,1472,0,.000000,.000000,0,0,.000000,.000000,.000000,.000000,.000000,.000000,.000000,5.148324,.000000,.000000,0,0,377.2930,.6060829,.6457545,96.51869,1.178850,35,100,.5208176,.8434079,.4158424,.2357580,.2277254,.2413041,.3314060E-01,.000000,.000000
1,UFGA8501,1,0,1,1985,219,49,48,11.31452,0,2.837960,748,833,0,448,1582,1582,0,.000000,.000000,0,0,.000000,.000000,.000000,.000000,.000000,.000000,.000000,5.158784,.000000,.000000,0,0,379.2749,.6220821,.6625121,98.73946,1.202441,39,108,.5563093,.8730456,.4306777,.2446929,.2368061,.2540035,.3856210E-01,.000000,.000000
1,UFGA8501,1,0,1,1985,220,50,49,11.59188,1,3.012354,779,885,0,462,1664,1664,0,.000000,.000000,0,0,.000000,.000000,.000000,.000000,.000000,.000000,.000000,5.157196,.000000,.000000,0,0,386.8890,.6404949,.6788413,100.4277,1.224977,43,116,.5813942,.8926397,.4405066,.2506613,.2429112,.2627971,.4251254E-01,.1781416E-03,.000000
1,UFGA8501,1,0,1,1985,221,51,50,11.87392,1,3.183619,822,957,0,482,1778,1778,0,.000000,.000000,0,0,.000000,.000000,.000000,.000000,.000000,.000000,.000000,5.171418,.000000,.000000,0,0,387.4493,.6556357,.6943896,102.7440,1.247893,46,124,.6166931,.9224521,.4554242,.2596337,.2520202,.2754727,.4782096E-01,.6243690E-03,.000000
1,UFGA8501,1,0,1,1985,222,52,51,12.16709,1,3.348744,859,1020,0,498,1879,1879,0,.000000,.000000,0,0,.000000,.000000,.000000,.000000,.000000,.000000,.000000,5.179554,.000000,.000000,0,0,389.7474,.6723592,.7105137,104.8082,1.271713,49,133,.6460479,.9462044,.4673254,.2668288,.2593549,.2858739,.5235178E-01,.1214180E-02,.000000
1,UFGA8501,1,0,1,1985,223,53,52,12.45178,1,3.502232,907,1101,0,520,2007,2007,0,.000000,.000000,0,0,.000000,.000000,.000000,.000000,.000000,.000000,.000000,5.192104,.000000,.000000,0,0,386.3344,.6878800,.7268217,107.3643,1.294844,53,142,.6847064,.9795222,.4839867,.2768263,.2694853,.2998457,.5809072E-01,.2174097E-02,.000000
1,UFGA8501,1,0,1,1985,224,54,53,12.75435,1,3.650337,952,1180,0,541,2132,2132,0,.000000,.000000,0,0,.000000,.000000,.000000,.000000,.000000,.000000,.000000,5.201888,.000000,.000000,0,0,383.3036,.7036001,.7432130,109.9164,1.319427,56,151,.7208748,1.010116,.4992944,.2860317,.2788295,.3128398,.6352469E-01,.3343763E-02,.000000
1,UFGA8501,1,0,1,1985,225,55,54,13.05562,1,3.800724,993,1253,0,559,2247,2247,0,.000000,.000000,0,0,.000000,.000000,.000000,.000000,.000000,.000000,.000000,5.206516,.000000,.000000,0,0,382.5627,.7211705,.7600000,112.1941,1.343906,60,162,.7525514,1.036346,.5124276,.2939494,.2868829,.3241443,.6834685E-01,.4625223E-02,.000000
1,UFGA8501,1,0,1,1985,226,56,55,13.33596,1,3.945082,1030,1320,0,575,2349,2349,0,.000000,.000000,0,0,.000000,.000000,.000000,.000000,.000000,.000000,.000000,5.207554,.000000,.000000,0,0,383.1288,.7395587,.7600000,114.2610,1.366684,65,171,.7800895,1.058911,.5237296,.3007718,.2938291,.3339399,.7256559E-01,.5945834E-02,.000000
1,UFGA8501,1,0,1,1985,227,57,56,13.62282,1,4.083306,1076,1404,0,596,2479,2479,0,.000000,.000000,0,0,.000000,.000000,.000000,.000000,.000000,.000000,.000000,5.212916,.000000,.000000,0,0,379.6208,.7545788,.7600000,116.9240,1.389991,69,182,.8163321,1.090155,.5393537,.3101466,.3033284,.3470397,.7794499E-01,.7809980E-02,.000000
1,UFGA8501,1,0,1,1985,228,58,57,13.92236,1,4.201821,1123,1492,0,618,2614,2614,0,.000000,.000000,0,0,.000000,.000000,.000000,.000000,.000000,.000000,.000000,5.220032,.000000,.000000,0,0,374.3074,.7698315,.7600000,119.7254,1.414328,75,193,.8532379,1.121935,.5552464,.3196837,.3129931,.3603743,.8342684E-01,.9973930E-02,.000000
1,UFGA8501,1,0,1,1985,229,59,58,14.21142,1,4.329086,1166,1575,0,638,2741,2741,0,.000000,.000000,0,0,.000000,.000000,.000000,.000000,.000000,.000000,.000000,5.221680,.000000,.000000,0,0,371.2507,.7862971,.7600000,122.3625,1.437814,80,204,.8869682,1.150811,.5696894,.3283569,.3217872,.3725388,.8845592E-01,.1220774E-01,.000000
1,UFGA8501,1,0,1,1985,230,60,59,14.50439,1,4.448743,1210,1661,0,658,2870,2870,0,.000000,.000000,0,0,.000000,.000000,.000000,.000000,.000000,.000000,.000000,5.221637,.000000,.000000,0,0,367.7625,.8019887,.7600000,125.0407,1.461618,85,216,.9203315,1.179343,.5839609,.3369281,.3304787,.3845670,.9343360E-01,.1466481E-01,.000000
1,UFGA8501,1,0,1,1985,231,61,60,14.79919,1,4.550375,1257,1754,0,680,3010,3010,0,.000000,.000000,0,0,.000000,.000000,.000000,.000000,.000000,.000000,.000000,5.222822,.000000,.000000,0,0,362.0885,.8165213,.7600000,127.9504,1.485571,91,228,.9565318,1.210771,.5996738,.3463485,.3400179,.3976812,.9878203E-01,.1753039E-01,.000000
1,UFGA8501,1,0,1,1985,232,62,61,15.08354,1,4.654933,1303,1847,0,702,3150,3150,0,.000000,.000000,0,0,.000000,.000000,.000000,.000000,.000000,.000000,.000000,5.222335,.000000,.000000,0,0,357.2757,.8308367,.7600000,130.8618,1.508674,97,240,.9924408,1.242162,.6153648,.3557483,.3495302,.4107188,.1040633,.2059256E-01,.000000
1,UFGA8501,1,0,1,1985,233,63,62,15.37249,1,4.741406,1329,1905,0,711,3234,3234,0,.000000,.000000,0,0,.000000,.000000,.000000,.000000,.000000,.000000,.000000,5.212560,.000000,.000000,0,0,356.8315,.8500974,.7600000,132.6647,1.532151,103,253,1.008817,1.254028,.6213328,.3594077,.3533019,.4163352,.1067458,.2234722E-01,.1134908E-03
1,UFGA8501,1,0,1,1985,234,64,63,15.65997,1,4.824449,1375,2002,0,733,3377,3377,0,.000000,.000000,0,0,.000000,.000000,.000000,.000000,.000000,.000000,.000000,5.211854,.000000,.000000,0,0,350.8895,.8632231,.7600000,135.6637,1.555509,110,265,1.044391,1.285197,.6369117,.3687379,.3627418,.4292608,.1119700,.2527512E-01,.4187582E-03
1,UFGA8501,1,0,1,1985,235,65,64,15.95070,1,4.907784,1417,2092,0,752,3509,3509,0,.000000,.000000,0,0,.000000,.000000,.000000,.000000,.000000,.000000,.000000,5.208445,.000000,.000000,0,0,346.4663,.8773121,.7600000,138.4532,1.579131,116,279,1.075488,1.311918,.6502754,.3767594,.3708722,.4404889,.1165952,.2792044E-01,.8199397E-03
1,UFGA8501,1,0,1,1985,236,66,65,16.22973,1,4.980313,1462,2192,0,774,3654,3654,0,.000000,.000000,0,0,.000000,.000000,.000000,.000000,.000000,.000000,.000000,5.206346,.000000,.000000,0,0,340.6994,.8897612,.7600000,141.4990,1.601802,123,292,1.110607,1.342913,.6657645,.3860280,.3802435,.4532793,.1217272,.3077374E-01,.1371676E-02
1,UFGA8501,1,0,1,1985,237,67,66,16.50739,1,5.036526,1487,2258,0,785,3744,3744,0,.000000,.000000,0,0,.000000,.000000,.000000,.000000,.000000,.000000,.000000,5.200944,.000000,.000000,0,0,338.7533,.9063671,.7600000,143.5558,1.624362,135,305,1.129361,1.357636,.6731488,.3905091,.3848250,.4598637,.1246724,.3259740E-01,.1836058E-02
1,UFGA8501,1,0,1,1985,238,68,67,16.50739,3,5.092119,1530,2358,0,805,3889,3889,0,.000000,.000000,0,0,.000000,.000000,.000000,.000000,.000000,.000000,.000000,5.195638,.000000,.000000,0,0,332.7519,.9182692,.7600000,143.5558,1.647790,142,319,1.162639,1.386801,.6877258,.3992391,.3936574,.4719560,.1295585,.3533506E-01,.2621308E-02
1,UFGA8501,1,0,1,1985,239,69,68,16.50739,3,5.148148,1572,2459,0,826,4031,4031,0,.000000,.000000,0,0,.000000,.000000,.000000,.000000,.000000,.000000,.000000,5.188345,.000000,.000000,0,0,327.4135,.9310246,.7600000,143.5558,1.670405,150,333,1.195573,1.415835,.7022352,.4079226,.4024380,.4839462,.1343749,.3801624E-01,.3511082E-02
1,UFGA8501,1,0,1,1985,240,70,69,16.50739,3,5.190152,1612,2558,0,845,4171,4175,0,.000000,.000000,5,55,.000000,.000000,.000000,.000000,.000000,.000000,.000000,5.178510,.000000,.1156058E-02,0,5,321.8935,.9435611,.7600000,143.5558,1.693863,158,348,1.226236,1.442523,.7155774,.4159192,.4105336,.4950634,.1388976,.4056891E-01,.4493486E-02
1,UFGA8501,1,0,1,1985,241,71,70,16.50739,3,5.205523,1632,2624,0,854,4257,4272,0,.000000,.000000,16,120,.000000,.000000,.000000,.000000,.000000,.000000,.000000,5.168607,.000000,.3649538E-02,0,16,318.9252,.9597918,.7600000,143.5558,1.716722,174,363,1.242804,1.455288,.7219835,.4198160,.4145251,.5008477,.1415265,.4221960E-01,.5267881E-02
1,UFGA8501,1,0,1,1985,242,72,71,16.50739,3,5.179796,1636,2670,0,859,4306,4338,0,.000000,.000000,32,184,.000000,.000000,.000000,.000000,.000000,.000000,.000000,5.169986,.000000,.7428709E-02,0,32,316.6685,.9597918,.7600000,143.5558,1.740092,203,379,1.251366,1.460030,.7243946,.4213548,.4161590,.5035875,.1430925,.4337668E-01,.5939507E-02
1,UFGA8501,1,0,1,1985,243,73,72,16.50739,3,5.031007,1591,2657,0,851,4247,4302,0,.000000,.000000,55,244,.000000,.000000,.000000,.000000,.000000,.000000,.000000,5.228878,.000000,.1270454E-01,0,55,316.3120,.9597918,.7600000,133.5069,1.762786,279,404,1.241525,1.446547,.7177269,.4175284,.4124233,.4993580,.1421911,.4336370E-01,.6161631E-02
1,UFGA8501,1,0,1,1985,244,74,73,16.50739,3,4.884252,1546,2640,0,843,4186,4267,0,.000000,.000000,81,276,.000000,.000000,.000000,.000000,.000000,.000000,.000000,5.289375,.000000,.1891209E-01,0,81,315.9736,.9597918,.7600000,125.7841,1.783656,350,425,1.231104,1.432834,.7109407,.4136215,.4085983,.4949552,.1411733,.4325719E-01,.6341356E-02
1,UFGA8501,1,0,1,1985,245,75,74,16.50739,3,4.888419,1578,2735,0,858,4314,4421,0,.000000,.000000,108,307,.000000,.000000,.000000,.000000,.000000,.000000,.000000,5.273299,.000000,.2435939E-01,0,108,309.6989,.9597918,.7600000,125.7841,1.800000,359,440,1.256164,1.454316,.7216853,.4200726,.4151386,.5039969,.1449065,.4539754E-01,.7682082E-02
1,UFGA8501,1,0,1,1985,246,76,75,16.50739,3,4.880795,1608,2827,0,872,4435,4576,0,.000000,.000000,141,391,.000000,.000000,.000000,.000000,.000000,.000000,.000000,5.247643,.000000,.3082706E-01,0,141,303.5631,.9597918,.7600000,125.7841,1.800000,369,456,1.278809,1.473285,.7311794,.4257886,.4209460,.5121074,.1483294,.4740412E-01,.8963340E-02
1,UFGA8501,1,0,1,1985,247,77,76,16.50739,3,4.864969,1632,2910,0,883,4541,4726,0,.000000,.000000,184,491,.000000,.000000,.000000,.000000,.000000,.000000,.000000,5.217423,.000000,.3902582E-01,0,184,298.1198,.9597918,.7600000,125.7841,1.800000,379,472,1.297536,1.488521,.7388116,.4303998,.4256442,.5187540,.1512107,.4913765E-01,.1009420E-01
1,UFGA8501,1,0,1,1985,248,78,77,16.50739,5,4.843276,1655,2991,0,894,4645,4882,0,.000000,.000000,237,588,.000000,.000000,.000000,.000000,.000000,.000000,.000000,5.186670,.000000,.4860283E-01,0,237,292.7332,.9597918,.7600000,125.7841,1.800000,388,487,1.315621,1.503288,.7462087,.4348669,.4301939,.5251800,.1539871,.5080283E-01,.1117770E-01
1,UFGA8501,1,0,1,1985,249,79,78,16.50739,5,4.811803,1669,3055,0,900,4724,5024,0,.000000,.000000,300,694,.000000,.000000,.000000,.000000,.000000,.000000,.000000,5.150824,.000000,.5961855E-01,0,300,288.2869,.9597918,.7600000,125.7841,1.800000,399,503,1.326765,1.511122,.7501529,.4372953,.4327048,.5289696,.1558395,.5203639E-01,.1204491E-01
1,UFGA8501,1,0,1,1985,250,80,79,16.50739,5,4.776984,1686,3128,0,908,4814,5152,169,.000000,.000000,338,749,.000000,.000000,.000000,.000000,.000000,.000000,.000000,5.118097,.000000,.6562844E-01,0,338,283.3246,.9597918,.7600000,125.7841,1.800000,439,519,1.339834,1.520856,.7550434,.4402832,.4357757,.5334870,.1579505,.5339328E-01,.1297560E-01
1,UFGA8501,1,0,1,1985,251,81,80,16.50739,5,4.739556,1698,3188,9,912,4886,5294,260,3.612956,.1773856E-02,408,847,.000000,.000000,.000000,.000000,.000000,.000000,.000000,5.088467,2.303151,.7701869E-01,0,408,279.0890,.9597918,.7600000,125.7841,1.800000,464,535,1.348255,1.526116,.7577037,.4419492,.4375204,.5362617,.1594240,.5443360E-01,.1373495E-01
1,UFGA8501,1,0,1,1985,252,82,81,16.50739,5,4.699205,1705,3234,24,912,4939,5429,345,6.859140,.4361155E-02,491,945,.000000,.000000,.000000,.000000,.000000,.000000,.000000,5.058810,4.826037,.9036721E-01,0,491,275.6703,.9597918,.7600000,125.7841,1.800000,488,551,1.335781,1.526278,.7578253,.4421161,.4377659,.5370978,.1602181,.5515648E-01,.1433519E-01
1,UFGA8501,1,0,1,1985,253,83,82,16.50739,5,4.655229,1703,3259,42,907,4962,5552,391,10.81755,.7624515E-02,590,1040,.000000,.000000,.000000,.000000,.000000,.000000,.000000,5.023708,7.178244,.1062170,0,590,273.3830,.9597918,.7600000,125.7841,1.800000,507,568,1.330506,1.517528,.7535092,.4396643,.4353934,.5345553,.1598347,.5533408E-01,.1466533E-01
1,UFGA8501,1,0,1,1985,254,84,83,16.50739,5,4.612905,1697,3273,64,900,4970,5669,436,14.73254,.1132807E-01,699,1131,.000000,.000000,.000000,.000000,.000000,.000000,.000000,4.993840,9.181622,.1233776,0,699,271.8044,.9597918,.7600000,125.7841,1.800000,525,584,1.321011,1.504681,.7471514,.4360037,.4318094,.5304282,.1588788,.5523210E-01,.1484715E-01
1,UFGA8501,1,0,1,1985,255,85,84,16.50739,5,4.570718,1690,3282,89,892,4972,5777,559,15.89187,.1537718E-01,805,1209,.000000,.000000,.000000,.000000,.000000,.000000,.000000,4.964760,11.03009,.1394112,0,805,270.4663,.9597918,.7600000,125.7841,1.800000,554,600,1.310662,1.491127,.7404394,.4321300,.4280088,.5259991,.1577957,.5505577E-01,.1498161E-01
1,UFGA8501,1,0,1,1985,256,86,85,16.50739,5,4.523605,1674,3269,122,879,4943,5869,707,17.27194,.2081791E-01,926,1286,.000000,.000000,.000000,.000000,.000000,.000000,.000000,4.924245,13.19336,.1577909,0,926,270.2709,.9597918,.7600000,125.7841,1.800000,586,615,1.293472,1.470917,.7304105,.4262929,.4222407,.5189992,.1557860,.5442866E-01,.1487799E-01
1,UFGA8501,1,0,1,1985,257,87,86,16.50739,5,4.476297,1655,3251,166,866,4906,5971,853,19.44869,.2779714E-01,1065,1362,.000000,.000000,.000000,.000000,.000000,.000000,.000000,4.882272,15.58307,.1783804,0,1065,270.3995,.9597918,.7600000,125.7841,1.800000,616,628,1.275892,1.450606,.7203284,.4204164,.4164265,.5118960,.1536978,.5373511E-01,.1472099E-01
1,UFGA8501,1,0,1,1985,258,88,87,16.50739,5,4.427202,1635,3228,218,852,4864,6077,1015,21.48517,.3586961E-01,1214,1434,.000000,.000000,.000000,.000000,.000000,.000000,.000000,4.837728,17.96231,.1996937,0,1214,270.7277,.9597918,.7600000,125.7841,1.800000,647,642,1.256639,1.428568,.7093863,.4140337,.4101075,.5041484,.1513922,.5294587E-01,.1451999E-01
1,UFGA8501,1,0,1,1985,259,89,88,16.50739,5,4.377302,1614,3203,280,838,4817,6183,1148,24.37020,.4524784E-01,1366,1476,.000000,.000000,.000000,.000000,.000000,.000000,.000000,4.790994,20.48224,.2209126,0,1366,271.2104,.9597918,.7600000,125.7841,1.800000,675,655,1.237284,1.406566,.6984607,.4076570,.4037912,.4963838,.1490605,.5213043E-01,.1429636E-01
1,UFGA8501,1,0,1,1985,260,90,89,16.50739,5,4.324468,1592,3177,351,824,4769,6263,1326,26.46585,.5604537E-01,1494,1556,.000000,.000000,.000000,.000000,.000000,.000000,.000000,4.740039,23.49479,.2385438,0,1494,271.7172,.9597918,.7600000,125.7841,1.800000,707,669,1.217301,1.383848,.6871796,.4010727,.3972694,.4883665,.1466530,.5128844E-01,.1406546E-01
1,UFGA8501,1,0,1,1985,261,91,90,16.50739,5,4.269785,1568,3151,433,810,4720,6359,1506,28.75636,.6809165E-01,1639,1629,.000000,.000000,.000000,.000000,.000000,.000000,.000000,4.685377,26.41260,.2577999,0,1639,272.2210,.9597918,.7600000,125.7841,1.800000,737,682,1.198072,1.361989,.6763250,.3947374,.3909942,.4806523,.1443365,.5047830E-01,.1384328E-01
1,UFGA8501,1,0,1,1985,262,92,91,16.50739,5,4.213243,1545,3125,526,796,4670,6454,1673,31.46537,.8156371E-01,1784,1713,.000000,.000000,.000000,.000000,.000000,.000000,.000000,4.626922,29.50455,.2764446,0,1784,272.7306,.9597918,.7600000,125.7841,1.800000,766,695,1.179153,1.340481,.6656448,.3885039,.3848198,.4730621,.1420572,.4968117E-01,.1362468E-01
1,UFGA8501,1,0,1,1985,263,93,92,16.50739,5,4.154438,1520,3099,633,783,4619,6482,1999,31.64466,.9761155E-01,1863,1786,.000000,.000000,.000000,.000000,.000000,.000000,.000000,4.563803,33.96234,.2874112,0,1863,273.2383,.9597918,.7600000,125.7841,1.800000,800,707,1.160925,1.319759,.6553547,.3824981,.3788709,.4657491,.1398611,.4891316E-01,.1341406E-01
1,UFGA8501,1,0,1,1985,264,94,93,16.50739,5,4.087928,1493,3070,756,769,4563,6568,2168,34.86972,.1150813,2005,1804,.000000,.000000,.000000,.000000,.000000,.000000,.000000,4.489545,37.69715,.3052786,0,2005,273.7914,.9597918,.7600000,125.7841,1.800000,824,720,1.141059,1.297176,.6441406,.3759530,.3723879,.4577795,.1374679,.4807618E-01,.1318452E-01
1,UFGA8501,1,0,1,1985,265,95,94,16.50739,5,4.020330,1465,3041,888,755,4506,6657,2326,38.17371,.1333817,2151,1881,.000000,.000000,.000000,.000000,.000000,.000000,.000000,4.411056,41.28435,.3230805,0,2151,274.3432,.9597918,.7600000,125.7841,1.800000,847,733,1.121886,1.275379,.6333169,.3696358,.3661306,.4500873,.1351580,.4726835E-01,.1296298E-01
1,UFGA8501,1,0,1,1985,266,96,95,16.50739,5,3.950017,1437,3011,1025,740,4448,6736,2377,43.10936,.1521306,2289,1904,.000000,.000000,.000000,.000000,.000000,.000000,.000000,4.326326,44.77525,.3397649,0,2289,274.9250,.9597918,.7600000,125.7841,1.800000,874,747,1.101876,1.252632,.6220214,.3630431,.3596004,.4420597,.1327474,.4642529E-01,.1273178E-01
1,UFGA8501,1,0,1,1985,267,97,96,16.50739,5,3.880011,1408,2982,1168,727,4390,6830,2377,49.11753,.1709628,2440,1926,.000000,.000000,.000000,.000000,.000000,.000000,.000000,4.238466,47.85928,.3572198,0,2440,275.4991,.9597918,.7600000,125.7841,1.800000,892,760,1.082869,1.231023,.6112914,.3567805,.3533972,.4344341,.1304575,.4562444E-01,.1251215E-01
1,UFGA8501,1,0,1,1985,268,98,97,16.50739,5,3.809609,1380,2953,1309,713,4332,6911,2382,54.96161,.1894099,2578,1907,.000000,.000000,.000000,.000000,.000000,.000000,.000000,4.146621,50.77174,.3730617,0,2578,276.0860,.9597918,.7600000,125.7841,1.800000,911,772,1.063854,1.209407,.6005571,.3505155,.3471916,.4268054,.1281666,.4482328E-01,.1229244E-01
1,UFGA8501,1,0,1,1985,269,99,98,16.50739,5,3.739726,1352,2924,1454,700,4276,6988,2392,60.77710,.2080334,2713,1889,.000000,.000000,.000000,.000000,.000000,.000000,.000000,4.051742,53.59523,.3881567,0,2713,276.6747,.9597918,.7600000,125.7841,1.800000,932,785,1.045341,1.188361,.5901067,.3444160,.3411500,.4193784,.1259364,.4404329E-01,.1207853E-01
1,UFGA8501,1,0,1,1985,270,100,99,16.50739,5,3.671821,1324,2897,1604,688,4221,7072,2398,66.89166,.2268369,2851,1751,.000000,.000000,.000000,.000000,.000000,.000000,.000000,3.955766,56.27041,.4031194,0,2851,277.2500,.9597918,.7600000,125.7841,1.800000,951,796,1.028017,1.168667,.5803271,.3387082,.3354962,.4124283,.1238493,.4331338E-01,.1187836E-01
1,UFGA8501,1,0,1,1985,271,101,100,16.50739,5,3.608546,1300,2875,1749,677,4174,7158,2398,72.91109,.2442752,2984,1746,.000000,.000000,.000000,.000000,.000000,.000000,.000000,3.860684,58.60486,.4168173,0,2984,277.6371,.9597918,.7600000,125.7841,1.800000,967,806,1.013097,1.151706,.5719044,.3337923,.3306270,.4064424,.1220518,.4268475E-01,.1170596E-01
1,UFGA8501,1,0,1,1985,272,102,101,16.50739,5,3.544136,1275,2852,1888,665,4127,7238,2398,78.74677,.2608978,3112,1657,.000000,.000000,.000000,.000000,.000000,.000000,.000000,3.760550,60.68843,.4298970,0,3112,278.0604,.9597918,.7600000,125.7841,1.800000,983,817,.9968453,1.133231,.5627303,.3284378,.3253233,.3999225,.1200939,.4200002E-01,.1151818E-01
1,UFGA8501,1,0,1,1985,273,103,102,16.50739,5,3.480319,1250,2829,2025,653,4079,7315,2398,84.44473,.2768350,3237,1567,.000000,.000000,.000000,.000000,.000000,.000000,.000000,3.658029,62.56701,.4424617,0,3237,278.5261,.9597918,.7600000,125.7841,1.800000,999,829,.9799293,1.114000,.5531809,.3228643,.3198026,.3931360,.1180559,.4128730E-01,.1132272E-01
1,UFGA8501,1,0,1,1985,274,104,103,16.50739,5,3.420027,1226,2807,2158,642,4033,7392,2398,89.98137,.2919256,3359,1487,.000000,.000000,.000000,.000000,.000000,.000000,.000000,3.557464,64.25078,.4543535,0,3359,278.9724,.9597918,.7600000,125.7841,1.800000,1014,839,.9638363,1.095705,.5440962,.3175620,.3145506,.3866797,.1161172,.4060925E-01,.1113677E-01
1,UFGA8501,1,0,1,1985,275,105,104,16.50739,5,3.361726,1203,2786,2284,630,3989,7463,2398,95.22879,.3060130,3474,1408,.000000,.000000,.000000,.000000,.000000,.000000,.000000,3.457108,65.74176,.4654773,0,3474,279.4508,.9597918,.7600000,125.7841,1.800000,1029,850,.9470072,1.076574,.5345960,.3120173,.3090584,.3799281,.1140897,.3990019E-01,.1094232E-01
1,UFGA8501,1,0,1,1985,276,106,105,16.50739,5,3.306420,1181,2765,2394,618,3946,7520,2398,99.82443,.3183532,3574,1341,.000000,.000000,.000000,.000000,.000000,.000000,.000000,3.359218,66.98397,.4752678,0,3574,279.9749,.9597918,.7600000,125.7841,1.800000,1043,862,.9301357,1.057394,.5250719,.3064585,.3035524,.3731594,.1120571,.3918935E-01,.1074738E-01
1,UFGA8501,1,0,1,1985,277,107,106,16.50739,5,3.254988,1161,2745,2505,607,3906,7581,2398,104.4418,.3303873,3675,1286,.000000,.000000,.000000,.000000,.000000,.000000,.000000,3.265136,68.14888,.4848022,0,3675,280.4798,.9597918,.7600000,125.7841,1.800000,1056,872,.9139643,1.039010,.5159429,.3011304,.2982748,.3666717,.1101089,.3850801E-01,.1056052E-01
1,UFGA8501,1,0,1,1985,278,108,107,16.50739,5,3.206275,1141,2726,2608,596,3867,7637,2398,108.7315,.3414520,3769,1262,.000000,.000000,.000000,.000000,.000000,.000000,.000000,3.173419,69.17786,.4935856,0,3769,280.9957,.9597918,.7600000,125.7841,1.800000,1068,883,.8976189,1.020428,.5067158,.2957450,.2929404,.3601141,.1081397,.3781933E-01,.1037166E-01
1,UFGA8501,1,0,1,1985,279,109,108,16.50739,5,3.166193,1125,2711,2706,588,3836,7696,2398,112.8235,.3515633,3860,1262,.000000,.000000,.000000,.000000,.000000,.000000,.000000,3.095711,70.09039,.5015856,0,3860,281.4254,.9597918,.7600000,125.7841,1.800000,1078,891,.8859479,1.007161,.5001274,.2918996,.2891316,.3554318,.1067336,.3732759E-01,.1023680E-01
1,UFGA8501,1,0,1,1985,280,110,109,16.50739,5,3.130915,1111,2697,2790,581,3808,7747,2398,116.3466,.3601792,3938,1262,.000000,.000000,.000000,.000000,.000000,.000000,.000000,3.025655,70.84419,.5084104,0,3938,281.8160,.9597918,.7600000,125.7841,1.800000,1087,897,.8767381,.9966906,.4949283,.2888652,.2861259,.3517369,.1056241,.3693955E-01,.1013039E-01
1,UFGA8501,1,0,1,1985,281,111,110,16.50739,5,3.094122,1096,2683,2883,573,3779,7803,2398,120.1999,.3694185,4024,1262,.000000,.000000,.000000,.000000,.000000,.000000,.000000,2.951138,71.62989,.5157323,0,4024,282.2632,.9597918,.7600000,125.7841,1.800000,1096,905,.8642573,.9825023,.4878828,.2847531,.2820528,.3467298,.1041205,.3641370E-01,.9986177E-02
1,UFGA8501,1,0,1,1985,282,112,111,16.50739,5,3.059813,1082,2669,2970,564,3751,7856,2398,123.8279,.3780023,4105,1262,.000000,.000000,.000000,.000000,.000000,.000000,.000000,2.880231,72.33871,.5225450,0,4105,282.7151,.9597918,.7600000,125.7841,1.800000,1104,913,.8520926,.9686733,.4810157,.2807451,.2780828,.3418494,.1026550,.3590117E-01,.9845619E-02
1,UFGA8501,1,0,1,1985,283,113,112,16.50739,5,3.030544,1070,2653,3006,555,3723,7858,2398,125.3349,.3824967,4136,1262,.000000,.000000,.000000,.000000,.000000,.000000,.000000,2.820804,72.67890,.5262831,0,4136,283.3474,.9597918,.7600000,116.9792,1.800000,1112,932,.8381228,.9527922,.4731296,.2761424,.2735237,.3362449,.1009720,.3531258E-01,.9684203E-02
1,UFGA8501,1,0,1,1985,284,114,113,16.50739,5,2.997764,1056,2638,3070,545,3694,7888,2398,128.0119,.3892132,4194,1262,.000000,.000000,.000000,.000000,.000000,.000000,.000000,2.751287,73.20129,.5317026,0,4194,283.9197,.9597918,.7600000,116.9792,1.800000,1120,941,.8237858,.9364936,.4650362,.2714186,.2688448,.3304931,.9924473E-01,.3470852E-01,.9518543E-02
1,UFGA8501,1,0,1,1985,285,115,114,16.50739,5,2.966078,1043,2623,3139,534,3666,7923,2398,130.8995,.3961965,4257,1262,.000000,.000000,.000000,.000000,.000000,.000000,.000000,2.682531,73.73654,.5373136,0,4257,284.4839,.9597918,.7600000,116.9792,1.800000,1128,952,.8076559,.9181570,.4559307,.2661042,.2635808,.3240220,.9730151E-01,.3402892E-01,.9332169E-02
1,UFGA8501,1,0,1,1985,286,116,115,16.50739,5,2.938511,1031,2611,3205,525,3642,7960,2398,133.6611,.4026679,4319,1262,.000000,.000000,.000000,.000000,.000000,.000000,.000000,2.621468,74.22459,.5424994,0,4319,284.9874,.9597918,.7600000,116.9792,1.800000,1134,961,.7943664,.9030492,.4484286,.2617256,.2592437,.3186904,.9570047E-01,.3346900E-01,.9178613E-02
1,UFGA8501,1,0,1,1985,287,117,116,16.50739,5,2.912548,1020,2599,3269,516,3619,7996,2398,136.3211,.4088409,4378,1262,.000000,.000000,.000000,.000000,.000000,.000000,.000000,2.563135,74.68025,.5474551,0,4378,285.5038,.9597918,.7600000,116.9792,1.800000,1141,969,.7808384,.8876704,.4407919,.2572685,.2548288,.3132631,.9407070E-01,.3289902E-01,.9022303E-02
1,UFGA8501,1,0,1,1985,288,118,117,16.50739,5,2.888572,1010,2587,3326,507,3597,8026,2398,138.6846,.4143631,4430,1262,.000000,.000000,.000000,.000000,.000000,.000000,.000000,2.508638,75.07705,.5519173,0,4430,286.0303,.9597918,.7600000,116.9792,1.800000,1147,978,.7676173,.8726404,.4333284,.2529124,.2505141,.3079590,.9247790E-01,.3234198E-01,.8869538E-02
1,UFGA8501,1,0,1,1985,289,119,118,16.50739,5,2.866531,1000,2576,3379,499,3576,8055,2398,140.8994,.4194698,4479,1262,.000000,.000000,.000000,.000000,.000000,.000000,.000000,2.457687,75.43826,.5560438,0,4479,286.5238,.9597918,.7600000,116.9792,1.800000,1152,987,.7549050,.8581889,.4261522,.2487240,.2463654,.3028589,.9094640E-01,.3180637E-01,.8722653E-02
1,UFGA8501,1,0,1,1985,290,120,119,16.50739,5,2.846132,992,2565,3430,490,3557,8083,2398,143.0143,.4243244,4526,1262,.000000,.000000,.000000,.000000,.000000,.000000,.000000,2.410250,75.77406,.5599864,0,4526,287.0436,.9597918,.7600000,116.9792,1.800000,1157,995,.7424925,.8440781,.4191452,.2446344,.2423145,.2978792,.8945101E-01,.3128340E-01,.8579231E-02
1,UFGA8501,1,0,1,1985,291,121,120,16.50739,7,2.826530,984,2560,3476,481,3544,8113,2398,144.9315,.4283916,4569,1262,.000000,.000000,.2789823,.000000,.000000,.000000,.000000,2.360980,76.06913,.5631609,0,4569,287.1873,.9597918,.7600000,116.9792,1.800000,1162,1003,.7292922,.8290718,.4116935,.2402852,.2380065,.2925834,.8786072E-01,.3072723E-01,.8426706E-02
1,UFGA8501,1,0,1,1985,292,122,121,16.50739,7,2.250391,782,2436,3522,473,3218,7830,2398,146.8794,.4498599,4612,1262,.000000,.000000,.1117607,.000000,.000000,.000000,.000000,2.301260,76.36885,.5890620,0,4612,287.9298,.9597918,.7600000,116.9792,1.800000,1473,1012,.7164959,.8145247,.4044699,.2360691,.2338304,.2874497,.8631910E-01,.3018808E-01,.8278850E-02
1,UFGA8501,1,0,1,1985,293,123,122,16.50739,7,1.793135,621,2337,3555,465,2959,7601,2398,148.2536,.4677419,4642,1262,.000000,.000000,.000000,.000000,.000000,.000000,.000000,2.251739,76.58542,.6107454,0,4642,288.6114,.9597918,.7600000,116.9792,1.800000,1720,1020,.7048945,.8013361,.3979208,.2322467,.2300443,.2827953,.8492143E-01,.2969928E-01,.8144800E-02
1,UFGA8501,1,0,1,1985,294,124,123,16.50739,7,1.429371,494,2258,3576,457,2753,7413,2398,149.1260,.4824254,4661,1262,.000000,.000000,.000000,.000000,.000000,.000000,.000000,2.207405,76.73505,.6286897,0,4661,289.2759,.9597918,.7600000,112.5723,1.800000,1916,1032,.6929034,.7877043,.3911517,.2282959,.2261310,.2779846,.8347682E-01,.2919406E-01,.8006247E-02
1,UFGA8501,1,0,1,1985,295,125,124,16.50739,7,1.139848,393,2195,3590,449,2588,7260,2398,149.7061,.4944892,4672,1262,.000000,.000000,.000000,.000000,.000000,.000000,.000000,2.167867,76.84459,.6434925,0,4672,289.8942,.9597918,.7600000,104.6922,1.800000,2072,1048,.6742584,.7749548,.3848206,.2246008,.2224709,.2734853,.8212569E-01,.2872154E-01,.7876661E-02
1,UFGA8501,1,0,1,1985,296,126,125,16.50739,7,.9101135,313,2145,3597,441,2458,7135,2398,149.9851,.5041066,4677,1262,.000000,.000000,.000000,.000000,.000000,.000000,.000000,2.145329,76.90510,.6554918,0,4677,290.4739,.9597918,.7600000,97.36378,1.800000,2197,1063,.6535925,.7628269,.3787982,.2210858,.2189892,.2692053,.8084044E-01,.2827205E-01,.7753392E-02
1,UFGA8501,1,0,1,1985,297,127,126,16.50739,7,.7280908,250,2105,3597,433,2355,7032,2398,149.9851,.5115356,4677,1262,.000000,.000000,.000000,.000000,.000000,.000000,.000000,2.149499,76.91286,.6650845,0,4677,291.0384,.9597918,.7600000,90.54832,1.800000,2296,1077,.6329808,.7502128,.3725345,.2174300,.2153681,.2647537,.7950367E-01,.2780455E-01,.7625183E-02
1,UFGA8501,1,0,1,1985,298,128,127,16.50739,7,.5824727,200,2073,3597,427,2272,6948,2398,149.9851,.5176501,4676,1262,.000000,.000000,.000000,.000000,.000000,.000000,.000000,2.153360,76.91992,.6729727,0,4676,291.5613,.9597918,.7600000,84.20994,1.800000,2375,1091,.6230607,.7384555,.3666961,.2140224,.2119928,.2606045,.7825768E-01,.2736879E-01,.7505680E-02
1,UFGA8501,1,0,1,1985,299,129,128,16.50739,7,.4659781,160,2046,3597,420,2206,6882,2398,149.9851,.5226726,4676,1262,.000000,.000000,.000000,.000000,.000000,.000000,.000000,2.157066,76.92672,.6794421,0,4676,292.0630,.9597918,.7600000,78.31525,1.800000,2438,1103,.6130700,.7266145,.3608162,.2105906,.2085935,.2564258,.7700283E-01,.2692994E-01,.7385328E-02
1,UFGA8501,1,0,1,1985,300,130,129,16.50739,7,.3727825,127,2025,3597,413,2153,6828,2398,149.9851,.5267820,4675,1262,.000000,.000000,.000000,.000000,.000000,.000000,.000000,2.160546,76.93314,.6847271,0,4675,292.5341,.9597918,.7600000,72.83318,1.800000,2488,1115,.6034747,.7152420,.3551689,.2072945,.2053288,.2524124,.7579763E-01,.2650845E-01,.7269738E-02
1,UFGA8501,1,0,1,1985,301,131,130,16.50739,7,.2982260,102,2008,3597,406,2110,6785,2398,149.9851,.5301543,4675,1262,.000000,.000000,.000000,.000000,.000000,.000000,.000000,2.164043,76.93962,.6890524,0,4675,293.0077,.9597918,.7600000,67.73485,1.800000,2529,1128,.5927691,.7025537,.3488683,.2036172,.2016863,.2479346,.7445300E-01,.2603819E-01,.7140774E-02
1,UFGA8501,1,0,1,1985,302,132,131,16.50739,7,.2385808,81,1994,3597,399,2075,6750,2398,149.9851,.5328980,4675,1262,.000000,.000000,.000000,.000000,.000000,.000000,.000000,2.167199,76.94550,.6925656,0,4675,293.4350,.9597918,.7600000,62.99341,1.800000,2561,1139,.5832977,.6913282,.3432940,.2003637,.1984637,.2439731,.7326337E-01,.2562215E-01,.7026677E-02
1,UFGA8501,1,0,1,1985,303,133,132,16.50739,8,.1908647,65,1982,3597,393,2047,6721,2398,149.9851,.5351363,4674,1262,.000000,.000000,.000000,.000000,.000000,.000000,.000000,2.170165,76.95104,.6954244,0,4674,293.8366,.9597918,.7600000,58.58387,1.800000,2586,1150,.5741652,.6805041,.3379191,.1972267,.1953564,.2401532,.7211630E-01,.2522099E-01,.6916662E-02
